#ROLE TABLE

Insert into Role values (1,"USER");
Insert into Role values (2,"ADMIN");
Insert into Role values (3,"FACTORY");

#HIBERNATE TABLE
Insert into hibernate_sequence values(1);

INSERT INTO `category` VALUES (1,'1',0,'Áo thun'),(2,'1',0,'Áo ba lỗ'),(3,'1',0,'Áo dài tay'),(4,'1',0,'Áo hoodies');

INSERT INTO capstone_pod.color (id,image_color,name) VALUES
                                                         (1,'white','Trắng'),
                                                         (2,'black','Đen'),
                                                         (3,'red','Đỏ'),
                                                         (4,'yellow','Vàng'),
                                                         (5,'purple','Tím'),
                                                         (6,'blue','Xanh dương'),
                                                         (7,'green','Xanh lá cây'),
                                                         (8,'pink','Hồng'),
                                                         (9,'gray','Xám');

INSERT INTO `user` VALUES (4,'Duy','Nguyen','ACTIVE'),(9,'Hiếu','Nguyễn Minh','INACTIVE'),(11,'Sang','Vũ Viết','ACTIVE'),(13,'Hưng','Nguyễn Bá','ACTIVE'),(15,'Dương','Nguyễn Hữu','ACTIVE'),(17,'Huy','Đinh Quang','ACTIVE'),(19,'Duy','Nguyễn Khánh','ACTIVE'),(21,'Son','Tran Thanh','ACTIVE'),(26,'Duy','Nguyen','ACTIVE'),(57,'Nguyen','Thang','ACTIVE'),(59,'Dung','Nguyen','ACTIVE'),(61,'vu','sang','ACTIVE');

INSERT INTO capstone_pod.factory (id,is_collaborating,location,name) VALUES
                                                                         (1,0,'HCM','SASEU'),
                                                                         (2,0,'HCM','NAP'),
                                                                         (3,0,'HCM','KMS'),
                                                                         (4,0,'HCM','KNS');
INSERT INTO capstone_pod.credential (id,create_date,last_modified_date,address,email,image,is_mail_verified,password,phone,factory_id,role_id,user_id) VALUES
                                                                                                                                          (5,'2022-06-02','2022-06-02','Huyện U Minh','duyuminh41@gmail.com',NULL,0,'$2a$10$fmnBIC/jSADYvHDtszvG0uFjnsEex5YR2s1/4MSWkxuJtd6sVbab.','0818258855',NULL,1,4),
                                                                                                                                          (10,'2022-06-03','2022-06-03','Chung cư Valéo','hieuthomnghiep@gmail.com',NULL,0,'$2a$10$67cVi3HFFf3.QHE3YZNcXuGXySV7P16ZGBDHf/psz8SC3tLtNrzuK','0818258855',NULL,1,9),
                                                                                                                                          (12,'2022-06-03','2022-06-03','Trần Thị Cờ','sangne@gmail.com',NULL,0,'$2a$10$0v/.p7slyPHelyPj8zJ9DuKNwVJ6w0wcrFydnyfUhJNt0nwQi5n2.','0818258855',1,3,NULL),
                                                                                                                                          (14,'2022-06-03','2022-06-03','Chung cu valéo','hungne@gmail.com',NULL,0,'$2a$10$V.XTfogjAbkrKGbZBb6mve20Rx9yyBmXmF1lMscEIm5qs2Ew4sO2O','0818258855',NULL,1,13),
                                                                                                                                          (16,'2022-06-03','2022-06-03','TP. Thủ Đức','Duongne@gmail.com',NULL,0,'$2a$10$PLsQ0UCjbQ4PwX3NMwjTHuWi8Prz6nwN86q9eFOFXOH/Z4mGpp0s2','0818258855',2,3,NULL),
                                                                                                                                          (18,'2022-06-03','2022-06-03','Xa Lộ Hà Nội','Huyne@gmail.com',NULL,0,'$2a$10$m8uPZRQ2B78bfh9TmnRR7OJRjRnbmH9mdMnd.L3pwNv4sAiuvFiPu','0818258855',NULL,1,17),
                                                                                                                                          (20,'2022-06-03','2022-06-03','Vinhome grand park Q9','duyne@gmail.com',NULL,0,'$2a$10$/eiFt8gbuaUq0SngljG6nuXhOPjvqsCRkfr0NOY8npAe9N63oeJfO','0818258855',NULL,2,19),
                                                                                                                                          (22,'2022-06-03','2022-06-03','Vinhome grand park Q9','sonne@gmail.com',NULL,0,'$2a$10$tCV/lVrjzLyyjYBp3XLEY.mYVVa6rzzMwsC2YSAH4gVdzKTAL4f4m','0818258855',NULL,1,21),
                                                                                                                                          (27,'2022-06-03','2022-06-03','Vinhome grand park Q9','duyuminh4441@gmail.com',NULL,0,'$2a$10$R.9b61o0/1yZ/iDH36ZQQ.oTDtgAnxnqulHc7ZnQfVAVWeuoDJRAS','0818258855',NULL,1,26),
                                                                                                                                          (58,'2022-06-08','2022-06-08','1234567890','duyne123455@gmail.com',NULL,0,'$2a$10$qxeCjYc4zU9fu0muzrbEVeOaF0oBqONqQ2rcH5lpN7uHrwq.Oxlvu','097104275',3,3,NULL),
                                                                                                                                          (60,'2022-06-08','2022-06-08','Chung cu valéo','dung123@gmail.com',NULL,0,'$2a$10$jkbmwK.ZWTOCaqX/v9QJ0OzgNZc9ti4GBWMcpa2ZkhTzzBjmyMS5i','097104275',NULL,1,59),
                                                                                                                                          (62,'2022-06-08','2022-06-08','1234567890','vuvietsangadmin10a9@gmail.com',NULL,0,'$2a$10$QvskdTmylaPLJcDCnhyc1enr76O1CSx9kEjPgTsRZOnXDZPT14Ie2','097104275',NULL,2,61);

INSERT INTO `product` VALUES (1,'2022-06-02','2022-06-02','rất chi là đẹp luôn',_binary '\0',true,'dài tay',1),
                             (6,'2022-06-02','2022-06-02','rất chi là đẹp luôn',_binary '\0',true,'áo thun',1),
                             (23,'2022-06-03','2022-06-03','rất chi là đẹp luôn',_binary '\0',true,'T-shirt',1),
                             (28,'2022-06-03','2022-06-03','rất chi là đẹp luôn',_binary '\0',true,'Áo dài tay trắng',3),
                             (31,'2022-06-03','2022-06-03','rất chi là đẹp luôn',_binary '\0',true,'Áo thun trắng',1),
                             (34,'2022-06-03','2022-06-03','rất chi là đẹp luôn',_binary '\0',true,'Áo thun xám',1),
                             (37,'2022-06-03','2022-06-03','rất chi là đẹp luôn',_binary '\0',true,'Áo ba lỗ trắng',2),
                             (42,'2022-06-08','2022-06-08','rất chi là đẹp luôn',_binary '\0',true,'Áo ba lỗ',2),
                             (45,'2022-06-08','2022-06-08','rất chi là đẹp luôn',_binary '\0',true,'Áo thun ba lỗ ',2),
                             (48,'2022-06-08','2022-06-08','rất chi là đẹp luôn',_binary '\0',true,'Áo thun trắng trơn ',1),
                             (51,'2022-06-08','2022-06-08','rất chi là đẹp luôn',_binary '\0',true,'Áo thun ',1),
                             (54,'2022-06-08','2022-06-08','rất chi là đẹp luôn',_binary '\0',true,'Áo thun vải ',1);

INSERT INTO capstone_pod.price_by_factory (id,price,discount_id,factory_id,product_id) VALUES
                 (1,50.0,NULL,1,1),
                 (2,50.0,NULL,1,6),
                 (3,50.0,NULL,1,23),
                 (4,50.0,NULL,1,28),
                 (5,50.0,NULL,1,34),
                 (6,50.0,NULL,1,37),
                 (7,50.0,NULL,1,42),
                 (8,50.0,NULL,1,45),
                 (9,50.0,NULL,1,48),
                 (10,50.0,NULL,1,51),
                 (11,89.0,NULL,1,54),
                 (12,73.0,NULL,2,31),
                 (13,24.0,NULL,2,1),
                 (14,15.0,NULL,2,6),
                 (15,90.0,NULL,2,23),
                 (16,100.0,NULL,2,28),
                 (17,56.0,NULL,2,34),
                 (18,68.0,NULL,2,37),
                 (19,83.0,NULL,2,42),
                 (20,92.0,NULL,2,45),
                 (21,46.0,NULL,2,48),
                 (22,34.0,NULL,2,51),
                 (23,55.0,NULL,2,54),
                 (24,66.0,NULL,2,31),
                 (25,55.0,NULL,3,1),
                 (26,56.0,NULL,3,6),
                 (27,57.0,NULL,3,23),
                 (28,58.0,NULL,3,28),
                 (29,59.0,NULL,3,34),
                 (30,51.0,NULL,3,37),
                 (31,66.0,NULL,3,42),
                 (32,77.0,NULL,3,45),
                 (33,83.0,NULL,3,48),
                 (34,94.0,NULL,3,51),
                 (35,12.0,NULL,3,54),
                 (36,45.0,NULL,3,31),
                 (37,33.0,NULL,4,1),
                 (38,65.0,NULL,4,6),
                 (39,73.0,NULL,4,23),
                 (40,37.0,NULL,4,28),
                 (41,81.0,NULL,4,34),
                 (42,92.0,NULL,4,37),
                 (43,44.0,NULL,4,42),
                 (44,52.0,NULL,4,45),
                 (45,67.0,NULL,4,48),
                 (46,78.0,NULL,4,51),
                 (47,83.0,NULL,4,54),
                 (48,50.0,NULL,4,31),
                 (49,50.0,NULL,1,31);

INSERT INTO capstone_pod.product_blue_print (id,frame_image,place_holder_height,place_holder_width,`position`,product_id) VALUES
                                                                                                                              (1,'https://firebasestorage.googleapis.com/v0/b/assignment1-302217.appspot.com/o/images%2Fraw-black.webp?alt=media&token=26aa7f2a-a782-449c-92ea-08a1b2fd04e5',16.0,14.0,'Back',1),
                                                                                                                              (2,'https://firebasestorage.googleapis.com/v0/b/assignment1-302217.appspot.com/o/images%2Fraw-black.webp?alt=media&token=26aa7f2a-a782-449c-92ea-08a1b2fd04e5',16.0,14.0,'Front',1),
                                                                                                                              (3,'https://firebasestorage.googleapis.com/v0/b/assignment1-302217.appspot.com/o/images%2Fraw-blue.webp?alt=media&token=690247a9-e9f8-458c-9cec-82f781cd0882',20.0,16.0,'Back',6),
                                                                                                                              (4,'https://firebasestorage.googleapis.com/v0/b/assignment1-302217.appspot.com/o/images%2Fraw-blue.webp?alt=media&token=690247a9-e9f8-458c-9cec-82f781cd0882',20.0,16.0,'Front',6),
                                                                                                                              (5,'https://firebasestorage.googleapis.com/v0/b/assignment1-302217.appspot.com/o/images%2Fraw-green.webp?alt=media&token=59aa2dfe-bcfd-481a-bd09-f2298bf31b8d',16.0,14.0,'Front',23),
                                                                                                                              (6,'https://firebasestorage.googleapis.com/v0/b/assignment1-302217.appspot.com/o/images%2Fraw-green.webp?alt=media&token=59aa2dfe-bcfd-481a-bd09-f2298bf31b8d',16.0,14.0,'Back',23),
                                                                                                                              (7,'https://firebasestorage.googleapis.com/v0/b/assignment1-302217.appspot.com/o/images%2Fraw-pink.webp?alt=media&token=3a06d5b3-b9a9-495b-9144-9a3f9bb93079',18.0,14.0,'Front',28),
                                                                                                                              (8,'https://firebasestorage.googleapis.com/v0/b/assignment1-302217.appspot.com/o/images%2Fraw-pink.webp?alt=media&token=3a06d5b3-b9a9-495b-9144-9a3f9bb93079',18.0,14.0,'Back',28),
                                                                                                                              (9,'https://firebasestorage.googleapis.com/v0/b/assignment1-302217.appspot.com/o/images%2Fraw-white.webp?alt=media&token=4451e41a-2a29-46dd-a51f-bf4217d11e0b',15.0,14.0,'Front',31),
                                                                                                                              (10,'https://firebasestorage.googleapis.com/v0/b/assignment1-302217.appspot.com/o/images%2Fraw-white.webp?alt=media&token=4451e41a-2a29-46dd-a51f-bf4217d11e0b',15.0,14.0,'Back',31),
                                                                                                                              (11,'https://firebasestorage.googleapis.com/v0/b/assignment1-302217.appspot.com/o/images%2Fraw-light-green.webp?alt=media&token=9f9e0619-9d55-406f-8917-2d5386201683',15.0,14.0,'Front',34),
                                                                                                                              (12,'https://firebasestorage.googleapis.com/v0/b/assignment1-302217.appspot.com/o/images%2Fraw-light-green.webp?alt=media&token=9f9e0619-9d55-406f-8917-2d5386201683',15.0,14.0,'Back',34),
                                                                                                                              (13,'https://firebasestorage.googleapis.com/v0/b/assignment1-302217.appspot.com/o/images%2Fraw-light-blue.webp?alt=media&token=3cbe080d-254d-4ba8-8ca8-545590b4bf0f',15.0,14.0,'Front',42),
                                                                                                                              (14,'https://firebasestorage.googleapis.com/v0/b/assignment1-302217.appspot.com/o/images%2Fraw-light-blue.webp?alt=media&token=3cbe080d-254d-4ba8-8ca8-545590b4bf0f',15.0,14.0,'Back',45),
                                                                                                                              (15,'https://firebasestorage.googleapis.com/v0/b/assignment1-302217.appspot.com/o/images%2Fraw-light-blue.webp?alt=media&token=3cbe080d-254d-4ba8-8ca8-545590b4bf0f',18.0,14.0,'Front',48),
                                                                                                                              (16,'https://firebasestorage.googleapis.com/v0/b/assignment1-302217.appspot.com/o/images%2Fraw-light-blue.webp?alt=media&token=3cbe080d-254d-4ba8-8ca8-545590b4bf0f',18.0,14.0,'Back',48),
                                                                                                                              (17,'https://firebasestorage.googleapis.com/v0/b/assignment1-302217.appspot.com/o/images%2Fraw-white.webp?alt=media&token=4451e41a-2a29-46dd-a51f-bf4217d11e0b',20.0,16.0,'Front',51),
                                                                                                                              (18,'https://firebasestorage.googleapis.com/v0/b/assignment1-302217.appspot.com/o/images%2Fraw-white.webp?alt=media&token=4451e41a-2a29-46dd-a51f-bf4217d11e0b',20.0,16.0,'Back',51),
                                                                                                                              (19,'https://firebasestorage.googleapis.com/v0/b/assignment1-302217.appspot.com/o/images%2Fraw-light-green.webp?alt=media&token=9f9e0619-9d55-406f-8917-2d5386201683',20.0,16.0,'Front',54),
                                                                                                                              (20,'https://firebasestorage.googleapis.com/v0/b/assignment1-302217.appspot.com/o/images%2Fraw-light-green.webp?alt=media&token=9f9e0619-9d55-406f-8917-2d5386201683',20.0,16.0,'Back',54);

INSERT INTO `product_images` VALUES (2,'https://firebasestorage.googleapis.com/v0/b/assignment1-302217.appspot.com/o/4-0.jpg?alt=media&token=5ce8f57a-65ef-411a-b529-4e098c84e533',1),(3,'https://firebasestorage.googleapis.com/v0/b/assignment1-302217.appspot.com/o/4-0.jpg?alt=media&token=5ce8f57a-65ef-411a-b529-4e098c84e533',1),(7,'https://firebasestorage.googleapis.com/v0/b/assignment1-302217.appspot.com/o/4-0.jpg?alt=media&token=5ce8f57a-65ef-411a-b529-4e098c84e533',6),(8,'https://firebasestorage.googleapis.com/v0/b/assignment1-302217.appspot.com/o/4-0.jpg?alt=media&token=5ce8f57a-65ef-411a-b529-4e098c84e533',6),(24,'https://firebasestorage.googleapis.com/v0/b/assignment1-302217.appspot.com/o/4-0.jpg?alt=media&token=5ce8f57a-65ef-411a-b529-4e098c84e533',23),(25,'https://firebasestorage.googleapis.com/v0/b/assignment1-302217.appspot.com/o/4-0.jpg?alt=media&token=5ce8f57a-65ef-411a-b529-4e098c84e533',23),(29,'https://firebasestorage.googleapis.com/v0/b/assignment1-302217.appspot.com/o/dai-tay-trang-mat-truoc.png?alt=media&token=34310edc-88f3-407b-b8b9-36a109abf81b',28),(30,'https://firebasestorage.googleapis.com/v0/b/assignment1-302217.appspot.com/o/dai-tay-trang-mat-sau.png?alt=media&token=d8382cca-1aad-4bd6-82c7-ba4aa622e71f',28),(32,'https://firebasestorage.googleapis.com/v0/b/assignment1-302217.appspot.com/o/thun-trang-mat-truoc.png?alt=media&token=9f25a0e1-9dab-472a-93e6-e9a6ca92a2a0',31),(33,'https://firebasestorage.googleapis.com/v0/b/assignment1-302217.appspot.com/o/thun-trang-mat-sau.png?alt=media&token=263c173d-ae24-48c8-b35d-d0864bad71c0',31),(35,'https://firebasestorage.googleapis.com/v0/b/assignment1-302217.appspot.com/o/thun-xam-mat-truoc.png?alt=media&token=0c80d4a2-8943-4325-8816-89b068fb40c3',34),(36,'https://firebasestorage.googleapis.com/v0/b/assignment1-302217.appspot.com/o/thun-xam-mat-sau.png?alt=media&token=0625c7a1-9617-4de7-9fe3-a4cdf81c38db',34),(38,'https://firebasestorage.googleapis.com/v0/b/assignment1-302217.appspot.com/o/aobalo-trang-mat-truoc.png?alt=media&token=cfcb1a55-47f7-4a1c-80e7-c74beb351bd7',37),(39,'https://firebasestorage.googleapis.com/v0/b/assignment1-302217.appspot.com/o/aobalo-trang-mat-sau.png?alt=media&token=5ea98a33-cb61-417f-87d2-d6536823e3e8',37),(40,'https://firebasestorage.googleapis.com/v0/b/assignment1-302217.appspot.com/o/aobalo-trang-1.png?alt=media&token=ca3cee69-3f76-426e-88af-2463ac40e646',37),(41,'https://firebasestorage.googleapis.com/v0/b/assignment1-302217.appspot.com/o/aobalo-trang-2.png?alt=media&token=931b4fdf-3c76-4128-8d14-c59556b7c3cc',37),(43,'https://firebasestorage.googleapis.com/v0/b/assignment1-302217.appspot.com/o/aobalo-trang-mat-truoc.png?alt=media&token=cfcb1a55-47f7-4a1c-80e7-c74beb351bd7',42),(44,'https://firebasestorage.googleapis.com/v0/b/assignment1-302217.appspot.com/o/aobalo-trang-mat-sau.png?alt=media&token=5ea98a33-cb61-417f-87d2-d6536823e3e8',42),(46,'https://firebasestorage.googleapis.com/v0/b/assignment1-302217.appspot.com/o/aobalo-trang-mat-truoc.png?alt=media&token=cfcb1a55-47f7-4a1c-80e7-c74beb351bd7',45),(47,'https://firebasestorage.googleapis.com/v0/b/assignment1-302217.appspot.com/o/aobalo-trang-mat-sau.png?alt=media&token=5ea98a33-cb61-417f-87d2-d6536823e3e8',45),(49,'https://firebasestorage.googleapis.com/v0/b/assignment1-302217.appspot.com/o/thun-trang-mat-truoc.png?alt=media&token=9f25a0e1-9dab-472a-93e6-e9a6ca92a2a0',48),(50,'https://firebasestorage.googleapis.com/v0/b/assignment1-302217.appspot.com/o/thun-trang-mat-sau.png?alt=media&token=263c173d-ae24-48c8-b35d-d0864bad71c0',48),(52,'https://firebasestorage.googleapis.com/v0/b/assignment1-302217.appspot.com/o/thun-trang-mat-truoc.png?alt=media&token=9f25a0e1-9dab-472a-93e6-e9a6ca92a2a0',51),(53,'https://firebasestorage.googleapis.com/v0/b/assignment1-302217.appspot.com/o/thun-trang-mat-sau.png?alt=media&token=263c173d-ae24-48c8-b35d-d0864bad71c0',51),(55,'https://firebasestorage.googleapis.com/v0/b/assignment1-302217.appspot.com/o/thun-trang-mat-truoc.png?alt=media&token=9f25a0e1-9dab-472a-93e6-e9a6ca92a2a0',54),(56,'https://firebasestorage.googleapis.com/v0/b/assignment1-302217.appspot.com/o/thun-trang-mat-sau.png?alt=media&token=263c173d-ae24-48c8-b35d-d0864bad71c0',54);


INSERT INTO `size` VALUES (1,'XS'),(2,'S'),(3,'M'),(4,'L'),(5,'XL'),(6,'XXL'),(7,'XXXL');
-- # product ID : 1 , 6 , 23 , 28 , 31 , 24 , 42 , 45 , 48 , 51 , 54
INSERT INTO capstone_pod.size_color
(id, color_id, product_id, size_id)
VALUES
     (1, 1, 1, 1),
     (2, 1, 1, 2),
     (3, 1, 1, 3),
     (4, 1, 1, 4),
     (5, 1, 1, 5),
     (6, 1, 1, 6),
     (7, 1, 1, 7),
     (8, 2, 1, 1),
     (9, 2, 1, 2),
     (10, 2, 1, 3),
     (11, 2, 1, 4),
     (12, 2, 1, 5),
     (13, 2, 1, 6),
     (14, 2, 1, 7),
     (15, 3, 1, 1),
     (16, 3, 1, 2),
     (17, 3, 1, 3),
     (18, 3, 1, 4),
     (19, 3, 1, 5),
     (20, 3, 1, 6),
     (21, 3, 1, 7),
     (22, 4, 1, 1),
     (23, 4, 1, 2),
     (24, 4, 1, 3),
     (25, 4, 1, 4),
     (26, 4, 1, 5),
     (27, 4, 1, 6),
     (28, 4, 1, 7),
     (29, 1, 6, 1),
     (30, 1, 6, 2),
     (31, 1, 6, 3),
     (32, 1, 6, 4),
     (33, 1, 6, 5),
     (34, 1, 6, 6),
     (35, 1, 6, 7),
     (36, 2, 6, 1),
     (37, 2, 6, 2),
     (38, 2, 6, 3),
     (39, 2, 6, 4),
     (40, 2, 6, 5),
     (41, 2, 6, 6),
     (42, 2, 6, 7),
     (43, 3, 6, 1),
     (44, 3, 6, 2),
     (45, 3, 6, 3),
     (46, 3, 6, 4),
     (47, 3, 6, 5),
     (48, 3, 6, 6),
     (49, 3, 6, 7),
     (50, 4, 6, 1),
     (51, 4, 6, 2),
     (52, 4, 6, 3),
     (53, 4, 6, 4),
     (54, 4, 6, 5),
     (55, 4, 6, 6),
     (56, 4, 6, 7),
     (57, 1, 23, 1),
     (58, 1, 23, 2),
     (59, 1, 23, 3),
     (60, 1, 23, 4),
     (61, 1, 23, 5),
     (62, 1, 23, 6),
     (63, 1, 23, 7),
     (64, 2, 23, 1),
     (65, 2, 23, 2),
     (66, 2, 23, 3),
     (67, 2, 23, 4),
     (68, 2, 23, 5),
     (69, 2, 23, 6),
     (70, 2, 23, 7),
     (71, 3, 23, 1),
     (72, 3, 23, 2),
     (73, 3, 23, 3),
     (74, 3, 23, 4),
     (75, 3, 23, 5),
     (76, 3, 23, 6),
     (77, 3, 23, 7),
     (78, 4, 28, 1),
     (79, 4, 28, 2),
     (80, 4, 28, 3),
     (81, 4, 28, 4),
     (82, 4, 28, 5),
     (83, 4, 28, 6),
     (84, 4, 28, 7),
     (85, 1, 28, 1),
     (86, 1, 28, 2),
     (87, 1, 28, 3),
     (88, 1, 28, 4),
     (89, 1, 28, 5),
     (90, 1, 28, 6),
     (91, 1, 28, 7),
     (92, 2, 28, 1),
     (93, 2, 28, 2),
     (94, 2, 28, 3),
     (95, 2, 28, 4),
     (96, 2, 28, 5),
     (97, 2, 28, 6),
     (98, 2, 28, 7),
     (99, 3, 28, 1),
     (100, 3, 28, 2),
     (101, 3, 28, 3),
     (102, 3, 28, 4),
     (103, 3, 28, 5),
     (104, 3, 28, 6),
     (105, 3, 28, 7),
     (106, 4, 28, 1),
     (107, 4, 28, 2),
     (108, 4, 28, 3),
     (109, 4, 28, 4),
     (110, 4, 28, 5),
     (111, 4, 28, 6),
     (112, 4, 28, 7),
     (113, 4, 28, 1),
     (114, 4, 28, 2),
     (115, 4, 28, 3),
     (116, 4, 28, 4),
     (118, 4, 28, 5),
     (119, 4, 28, 6),
     (120, 4, 28, 7),
     (121, 1, 31, 1),
     (122, 1, 31, 2),
     (123, 1, 31, 3),
     (124, 1, 31, 4),
     (125, 1, 31, 5),
     (126, 1, 31, 6),
     (127, 1, 31, 7),
     (128, 2, 31, 1),
     (129, 2, 31, 2),
     (130, 2, 31, 3),
     (131, 2, 31, 4),
     (132, 2, 31, 5),
     (133, 2, 31, 6),
     (134, 2, 31, 7),
     (135, 3, 31, 1),
     (136, 3, 31, 2),
     (137, 3, 31, 3),
     (138, 3, 31, 4),
     (139, 3, 31, 5),
     (140, 3, 31, 6),
     (141, 3, 31, 7),
     (142, 4, 31, 1),
     (143, 4, 31, 2),
     (144, 4, 31, 3),
     (145, 4, 31, 4),
     (146, 4, 31, 5),
     (147, 4, 31, 6),
     (148, 4, 31, 7),
     (149, 4, 28, 1),
     (150, 4, 28, 2),
     (151, 4, 28, 3),
     (152, 4, 28, 4),
     (153, 4, 28, 5),
     (154, 4, 28, 6),
     (155, 4, 28, 7),
     (156, 1, 54, 1),
     (157, 1, 54, 2),
     (158, 1, 54, 3),
     (159, 1, 54, 4),
     (160, 1, 54, 5),
     (161, 1, 54, 6),
     (162, 1, 54, 7),
     (163, 2, 54, 1),
     (164, 2, 54, 2),
     (165, 2, 54, 3),
     (166, 2, 54, 4),
     (167, 2, 54, 5),
     (168, 2, 54, 6),
     (169, 2, 54, 7),
     (170, 3, 54, 1),
     (171, 3, 54, 2),
     (172, 3, 54, 3),
     (173, 3, 54, 4),
     (174, 3, 54, 5),
     (175, 3, 54, 6),
     (176, 3, 54, 7),
     (177, 4, 54, 1),
     (178, 4, 54, 2),
     (179, 4, 54, 3),
     (180, 4, 54, 4),
     (181, 4, 54, 5),
     (182, 4, 54, 6),
     (183, 4, 54, 7),
     (184, 4, 42, 1),
     (185, 4, 42, 2),
     (186, 4, 42, 3),
     (187, 4, 42, 4),
     (188, 4, 42, 5),
     (189, 4, 42, 6),
     (190, 4, 42, 7),
     (191, 1, 42, 1),
     (192, 1, 42, 2),
     (193, 1, 42, 3),
     (194, 1, 42, 4),
     (195, 1, 42, 5),
     (196, 1, 42, 6),
     (197, 1, 42, 7),
     (198, 2, 42, 1),
     (199, 2, 42, 2),
     (200, 2, 42, 3),
     (201, 2, 42, 4),
     (202, 2, 42, 5),
     (203, 2, 42, 6),
     (204, 2, 42, 7),
     (205, 3, 42, 1),
     (206, 3, 42, 2),
     (207, 3, 42, 3),
     (208, 3, 42, 4),
     (209, 3, 42, 5),
     (210, 3, 42, 6),
     (211, 3, 42, 7),
     (212, 4, 42, 1),
     (213, 4, 42, 2),
     (214, 4, 42, 3),
     (215, 4, 42, 4),
     (216, 4, 42, 5),
     (217, 4, 42, 6),
     (218, 4, 42, 7);



INSERT INTO capstone_pod.size_color_by_factory
(id, quantity, factory_id, size_color_id)
VALUES(0, 100, 1, 1),
      (1, 100, 1, 2),
      (2, 100, 1, 3),
      (3, 100, 1, 4),
      (4, 100, 1, 5),
      (5, 100, 1, 6),
      (6, 100, 1, 7),
      (7, 100, 1, 29),
      (8, 100, 1, 30),
      (9, 100, 1, 31),
      (10, 100, 1, 32),
      (11, 100, 1, 33),
      (12, 100, 1, 34),
      (13, 100, 1, 35),
      (14, 100, 1, 57),
      (15, 100, 1, 58),
      (16, 100, 1, 59),
      (17, 100, 1, 60),
      (18, 100, 1, 61),
      (19, 100, 1, 62),
      (20, 100, 1, 63),
      (21, 100, 1, 85),
      (22, 100, 1, 86),
      (23, 100, 1, 87),
      (24, 100, 1, 88),
      (25, 100, 1, 89),
      (26, 100, 1, 90),
      (27, 100, 1, 91),
      (28, 100, 1, 121),
      (29, 100, 1, 122),
      (30, 100, 1, 123),
      (31, 100, 1, 124),
      (32, 100, 1, 125),
      (33, 100, 1, 126),
      (34, 100, 1, 127),
      (35, 100, 1, 156),
      (36, 100, 1, 157),
      (37, 100, 1, 158),
      (38, 100, 1, 159),
      (39, 100, 1, 160),
      (40, 100, 1, 161),
      (41, 100, 1, 162),
      (42, 100, 1, 191),
      (43, 100, 1, 192),
      (44, 100, 1, 193),
      (45, 100, 1, 194),
      (46, 100, 1, 195),
      (47, 100, 1, 196),
      (48, 100, 1, 197),
      (49, 100, 1, 8),
      (50, 100, 1, 9),
      (51, 100, 1, 10),
      (52, 100, 1, 11),
      (53, 100, 1, 12),
      (54, 100, 1, 13),
      (55, 100, 1, 14),
      (56, 100, 1, 36),
      (57, 100, 1, 37),
      (58, 100, 1, 38),
      (59, 100, 1, 39),
      (60, 100, 1, 40),
      (61, 100, 1, 41),
      (62, 100, 1, 42),
      (63, 100, 1, 64),
      (64, 100, 1, 65),
      (65, 100, 1, 66),
      (66, 100, 1, 67),
      (67, 100, 1, 68),
      (68, 100, 1, 69),
      (69, 100, 1, 70),
      (70, 100, 1, 92),
      (71, 100, 1, 93),
      (72, 100, 1, 94),
      (73, 100, 1, 95),
      (74, 100, 1, 96),
      (75, 100, 1, 97),
      (76, 100, 1, 98),
      (77, 100, 1, 128),
      (78, 100, 1, 129),
      (79, 100, 1, 130),
      (80, 100, 1, 131),
      (81, 100, 1, 132),
      (82, 100, 1, 133),
      (83, 100, 1, 134),
      (84, 100, 1, 163),
      (85, 100, 1, 164),
      (86, 100, 1, 165),
      (87, 100, 1, 166),
      (88, 100, 1, 167),
      (89, 100, 1, 168),
      (90, 100, 1, 169),
      (91, 100, 1, 198),
      (92, 100, 1, 199),
      (93, 100, 1, 200),
      (94, 100, 1, 201),
      (95, 100, 1, 202),
      (96, 100, 1, 203),
      (97, 100, 1, 204),
      (98, 100, 1, 15),
      (99, 100, 1, 16),
      (100, 100, 1, 17),
      (101, 100, 1, 18),
      (102, 100, 1, 19),
      (103, 100, 1, 20),
      (104, 100, 1, 21),
      (105, 100, 1, 43),
      (106, 100, 1, 44),
      (107, 100, 1, 45),
      (108, 100, 1, 46),
      (109, 100, 1, 47),
      (110, 100, 1, 48),
      (111, 100, 1, 49),
      (112, 100, 1, 71),
      (113, 100, 1, 72),
      (114, 100, 1, 73),
      (115, 100, 1, 74),
      (116, 100, 1, 75),
      (117, 100, 1, 76),
      (118, 100, 1, 77),
      (119, 100, 1, 99),
      (120, 100, 1, 100),
      (121, 100, 1, 101),
      (122, 100, 1, 102),
      (123, 100, 1, 103),
      (124, 100, 1, 104),
      (125, 100, 1, 105),
      (126, 100, 1, 135),
      (127, 100, 1, 136),
      (128, 100, 1, 137),
      (129, 100, 1, 138),
      (130, 100, 1, 139),
      (131, 100, 1, 140),
      (132, 100, 1, 141),
      (133, 100, 1, 170),
      (134, 100, 1, 171),
      (135, 100, 1, 172),
      (136, 100, 1, 173),
      (137, 100, 1, 174),
      (138, 100, 1, 175),
      (139, 100, 1, 176),
      (140, 100, 1, 205),
      (141, 100, 1, 206),
      (142, 100, 1, 207),
      (143, 100, 1, 208),
      (144, 100, 1, 209),
      (145, 100, 1, 210),
      (146, 100, 1, 211),
      (147, 100, 1, 22),
      (148, 100, 1, 23),
      (149, 100, 1, 24),
      (150, 100, 1, 25),
      (151, 100, 1, 26),
      (152, 100, 1, 27),
      (153, 100, 1, 28),
      (154, 100, 1, 50),
      (155, 100, 1, 51),
      (156, 100, 1, 52),
      (157, 100, 1, 53),
      (158, 100, 1, 54),
      (159, 100, 1, 55),
      (160, 100, 1, 56),
      (161, 100, 1, 78),
      (162, 100, 1, 79),
      (163, 100, 1, 80),
      (164, 100, 1, 81),
      (165, 100, 1, 82),
      (166, 100, 1, 83),
      (167, 100, 1, 84),
      (168, 100, 1, 106),
      (169, 100, 1, 107),
      (170, 100, 1, 108),
      (171, 100, 1, 109),
      (172, 100, 1, 110),
      (173, 100, 1, 111),
      (174, 100, 1, 112),
      (175, 100, 1, 113),
      (176, 100, 1, 114),
      (177, 100, 1, 115),
      (178, 100, 1, 116),
      (179, 100, 1, 118),
      (180, 100, 1, 119),
      (181, 100, 1, 120),
      (182, 100, 1, 142),
      (183, 100, 1, 143),
      (184, 100, 1, 144),
      (185, 100, 1, 145),
      (186, 100, 1, 146),
      (187, 100, 1, 147),
      (188, 100, 1, 148),
      (189, 100, 1, 149),
      (190, 100, 1, 150),
      (191, 100, 1, 151),
      (192, 100, 1, 152),
      (193, 100, 1, 153),
      (194, 100, 1, 154),
      (195, 100, 1, 155),
      (196, 100, 1, 177),
      (197, 100, 1, 178),
      (198, 100, 1, 179),
      (199, 100, 1, 180),
      (200, 100, 1, 181),
      (201, 100, 1, 182),
      (202, 100, 2, 1),
      (203, 100, 2, 2),
      (204, 100, 2, 3),
      (205, 100, 2, 4),
      (206, 100, 2, 5),
      (207, 100, 2, 6),
      (208, 100, 2, 7),
      (209, 100, 2, 29),
      (210, 100, 2, 30),
      (211, 100, 2, 31),
      (212, 100, 2, 32),
      (213, 100, 2, 33),
      (214, 100, 2, 34),
      (215, 100, 2, 35),
      (216, 100, 2, 57),
      (217, 100, 2, 58),
      (218, 100, 2, 59),
      (219, 100, 2, 60),
      (220, 100, 2, 61),
      (221, 100, 2, 62),
      (222, 100, 2, 63),
      (223, 100, 2, 85),
      (224, 100, 2, 86),
      (225, 100, 2, 87),
      (226, 100, 2, 88),
      (227, 100, 2, 89),
      (228, 100, 2, 90),
      (229, 100, 2, 91),
      (230, 100, 2, 121),
      (231, 100, 2, 122),
      (232, 100, 2, 123),
      (233, 100, 2, 124),
      (234, 100, 2, 125),
      (235, 100, 2, 126),
      (236, 100, 2, 127),
      (237, 100, 2, 156),
      (238, 100, 2, 157),
      (239, 100, 2, 158),
      (240, 100, 2, 159),
      (241, 100, 2, 160),
      (242, 100, 2, 161),
      (243, 100, 2, 162),
      (244, 100, 2, 191),
      (245, 100, 2, 192),
      (246, 100, 2, 193),
      (247, 100, 2, 194),
      (248, 100, 2, 195),
      (249, 100, 2, 196),
      (250, 100, 2, 197),
      (251, 100, 2, 8),
      (252, 100, 2, 9),
      (253, 100, 2, 10),
      (254, 100, 2, 11),
      (255, 100, 2, 12),
      (256, 100, 2, 13),
      (257, 100, 2, 14),
      (258, 100, 2, 36),
      (259, 100, 2, 37),
      (260, 100, 2, 38),
      (261, 100, 2, 39),
      (262, 100, 2, 40),
      (263, 100, 2, 41),
      (264, 100, 2, 42),
      (265, 100, 2, 64),
      (266, 100, 2, 65),
      (267, 100, 2, 66),
      (268, 100, 2, 67),
      (269, 100, 2, 68),
      (270, 100, 2, 69),
      (271, 100, 2, 70),
      (272, 100, 2, 92),
      (273, 100, 2, 93),
      (274, 100, 2, 94),
      (275, 100, 2, 95),
      (276, 100, 2, 96),
      (277, 100, 2, 97),
      (278, 100, 2, 98),
      (279, 100, 2, 128),
      (280, 100, 2, 129),
      (281, 100, 2, 130),
      (282, 100, 2, 131),
      (283, 100, 2, 132),
      (284, 100, 2, 133),
      (285, 100, 2, 134),
      (286, 100, 2, 163),
      (287, 100, 2, 164),
      (288, 100, 2, 165),
      (289, 100, 2, 166),
      (290, 100, 2, 167),
      (291, 100, 2, 168),
      (292, 100, 2, 169),
      (293, 100, 2, 198),
      (294, 100, 2, 199),
      (295, 100, 2, 200),
      (296, 100, 2, 201),
      (297, 100, 2, 202),
      (298, 100, 2, 203),
      (299, 100, 2, 204),
      (300, 100, 2, 15),
      (301, 100, 2, 16),
      (302, 100, 2, 17),
      (303, 100, 2, 18),
      (304, 100, 2, 19),
      (305, 100, 2, 20),
      (306, 100, 2, 21),
      (307, 100, 2, 43),
      (308, 100, 2, 44),
      (309, 100, 2, 45),
      (310, 100, 2, 46),
      (311, 100, 2, 47),
      (312, 100, 2, 48),
      (313, 100, 2, 49),
      (314, 100, 2, 71),
      (315, 100, 2, 72),
      (316, 100, 2, 73),
      (317, 100, 2, 74),
      (318, 100, 2, 75),
      (319, 100, 2, 76),
      (320, 100, 2, 77),
      (321, 100, 2, 99),
      (322, 100, 2, 100),
      (323, 100, 2, 101),
      (324, 100, 2, 102),
      (325, 100, 2, 103),
      (326, 100, 2, 104),
      (327, 100, 2, 105),
      (328, 100, 2, 135),
      (329, 100, 2, 136),
      (330, 100, 2, 137),
      (331, 100, 2, 138),
      (332, 100, 2, 139),
      (333, 100, 2, 140),
      (334, 100, 2, 141),
      (335, 100, 2, 170),
      (336, 100, 2, 171),
      (337, 100, 2, 172),
      (338, 100, 2, 173),
      (339, 100, 2, 174),
      (340, 100, 2, 175),
      (341, 100, 2, 176),
      (342, 100, 2, 205),
      (343, 100, 2, 206),
      (344, 100, 2, 207),
      (345, 100, 2, 208),
      (346, 100, 2, 209),
      (347, 100, 2, 210),
      (348, 100, 2, 211),
      (349, 100, 2, 22),
      (350, 100, 2, 23),
      (351, 100, 2, 24),
      (352, 100, 2, 25),
      (353, 100, 2, 26),
      (354, 100, 2, 27),
      (355, 100, 2, 28),
      (356, 100, 2, 50),
      (357, 100, 2, 51),
      (358, 100, 2, 52),
      (359, 100, 2, 53),
      (360, 100, 2, 54),
      (361, 100, 2, 55),
      (362, 100, 2, 56),
      (363, 100, 2, 78),
      (364, 100, 2, 79),
      (365, 100, 2, 80),
      (366, 100, 2, 81),
      (367, 100, 2, 82),
      (368, 100, 2, 83),
      (369, 100, 2, 84),
      (370, 100, 2, 106),
      (371, 100, 2, 107),
      (372, 100, 2, 108),
      (373, 100, 2, 109),
      (374, 100, 2, 110),
      (375, 100, 2, 111),
      (376, 100, 2, 112),
      (377, 100, 2, 113),
      (378, 100, 2, 114),
      (379, 100, 2, 115),
      (380, 100, 2, 116),
      (381, 100, 2, 118),
      (382, 100, 2, 119),
      (383, 100, 2, 120),
      (384, 100, 2, 142),
      (385, 100, 2, 143),
      (386, 100, 2, 144),
      (387, 100, 2, 145),
      (388, 100, 2, 146),
      (389, 100, 2, 147),
      (390, 100, 2, 148),
      (391, 100, 2, 149),
      (392, 100, 2, 150),
      (393, 100, 2, 151),
      (394, 100, 2, 152),
      (395, 100, 2, 153),
      (396, 100, 2, 154),
      (397, 100, 2, 155),
      (398, 100, 2, 177),
      (399, 100, 2, 178),
      (400, 100, 2, 179),
      (401, 100, 2, 180),
      (402, 100, 2, 181),
      (403, 100, 2, 182),
      (404, 100, 3, 1),
      (405, 100, 3, 2),
      (406, 100, 3, 3),
      (407, 100, 3, 4),
      (408, 100, 3, 5),
      (409, 100, 3, 6),
      (410, 100, 3, 7),
      (411, 100, 3, 29),
      (412, 100, 3, 30),
      (413, 100, 3, 31),
      (414, 100, 3, 32),
      (415, 100, 3, 33),
      (416, 100, 3, 34),
      (417, 100, 3, 35),
      (418, 100, 3, 57),
      (419, 100, 3, 58),
      (420, 100, 3, 59),
      (421, 100, 3, 60),
      (422, 100, 3, 61),
      (423, 100, 3, 62),
      (424, 100, 3, 63),
      (425, 100, 3, 85),
      (426, 100, 3, 86),
      (427, 100, 3, 87),
      (428, 100, 3, 88),
      (429, 100, 3, 89),
      (430, 100, 3, 90),
      (431, 100, 3, 91),
      (432, 100, 3, 121),
      (433, 100, 3, 122),
      (434, 100, 3, 123),
      (435, 100, 3, 124),
      (436, 100, 3, 125),
      (437, 100, 3, 126),
      (438, 100, 3, 127),
      (439, 100, 3, 156),
      (440, 100, 3, 157),
      (441, 100, 3, 158),
      (442, 100, 3, 159),
      (443, 100, 3, 160),
      (444, 100, 3, 161),
      (445, 100, 3, 162),
      (446, 100, 3, 191),
      (447, 100, 3, 192),
      (448, 100, 3, 193),
      (449, 100, 3, 194),
      (450, 100, 3, 195),
      (451, 100, 3, 196),
      (452, 100, 3, 197),
      (453, 100, 3, 8),
      (454, 100, 3, 9),
      (455, 100, 3, 10),
      (456, 100, 3, 11),
      (457, 100, 3, 12),
      (458, 100, 3, 13),
      (459, 100, 3, 14),
      (460, 100, 3, 36),
      (461, 100, 3, 37),
      (462, 100, 3, 38),
      (463, 100, 3, 39),
      (464, 100, 3, 40),
      (465, 100, 3, 41),
      (466, 100, 3, 42),
      (467, 100, 3, 64),
      (468, 100, 3, 65),
      (469, 100, 3, 66),
      (470, 100, 3, 67),
      (471, 100, 3, 68),
      (472, 100, 3, 69),
      (473, 100, 3, 70),
      (474, 100, 3, 92),
      (475, 100, 3, 93),
      (476, 100, 3, 94),
      (477, 100, 3, 95),
      (478, 100, 3, 96),
      (479, 100, 3, 97),
      (480, 100, 3, 98),
      (481, 100, 3, 128),
      (482, 100, 3, 129),
      (483, 100, 3, 130),
      (484, 100, 3, 131),
      (485, 100, 3, 132),
      (486, 100, 3, 133),
      (487, 100, 3, 134),
      (488, 100, 3, 163),
      (489, 100, 3, 164),
      (490, 100, 3, 165),
      (491, 100, 3, 166),
      (492, 100, 3, 167),
      (493, 100, 3, 168),
      (494, 100, 3, 169),
      (495, 100, 3, 198),
      (496, 100, 3, 199),
      (497, 100, 3, 200),
      (498, 100, 3, 201),
      (499, 100, 3, 202),
      (500, 100, 3, 203),
      (501, 100, 3, 204),
      (502, 100, 3, 15),
      (503, 100, 3, 16),
      (504, 100, 3, 17),
      (505, 100, 3, 18),
      (506, 100, 3, 19),
      (507, 100, 3, 20),
      (508, 100, 3, 21),
      (509, 100, 3, 43),
      (510, 100, 3, 44),
      (511, 100, 3, 45),
      (512, 100, 3, 46),
      (513, 100, 3, 47),
      (514, 100, 3, 48),
      (515, 100, 3, 49),
      (516, 100, 3, 71),
      (517, 100, 3, 72),
      (518, 100, 3, 73),
      (519, 100, 3, 74),
      (520, 100, 3, 75),
      (521, 100, 3, 76),
      (522, 100, 3, 77),
      (523, 100, 3, 99),
      (524, 100, 3, 100),
      (525, 100, 3, 101),
      (526, 100, 3, 102),
      (527, 100, 3, 103),
      (528, 100, 3, 104),
      (529, 100, 3, 105),
      (530, 100, 3, 135),
      (531, 100, 3, 136),
      (532, 100, 3, 137),
      (533, 100, 3, 138),
      (534, 100, 3, 139),
      (535, 100, 3, 140),
      (536, 100, 3, 141),
      (537, 100, 3, 170),
      (538, 100, 3, 171),
      (539, 100, 3, 172),
      (540, 100, 3, 173),
      (541, 100, 3, 174),
      (542, 100, 3, 175),
      (543, 100, 3, 176),
      (544, 100, 3, 205),
      (545, 100, 3, 206),
      (546, 100, 3, 207),
      (547, 100, 3, 208),
      (548, 100, 3, 209),
      (549, 100, 3, 210),
      (550, 100, 3, 211),
      (551, 100, 3, 22),
      (552, 100, 3, 23),
      (553, 100, 3, 24),
      (554, 100, 3, 25),
      (555, 100, 3, 26),
      (556, 100, 3, 27),
      (557, 100, 3, 28),
      (558, 100, 3, 50),
      (559, 100, 3, 51),
      (560, 100, 3, 52),
      (561, 100, 3, 53),
      (562, 100, 3, 54),
      (563, 100, 3, 55),
      (564, 100, 3, 56),
      (565, 100, 3, 78),
      (566, 100, 3, 79),
      (567, 100, 3, 80),
      (568, 100, 3, 81),
      (569, 100, 3, 82),
      (570, 100, 3, 83),
      (571, 100, 3, 84),
      (572, 100, 3, 106),
      (573, 100, 3, 107),
      (574, 100, 3, 108),
      (575, 100, 3, 109),
      (576, 100, 3, 110),
      (577, 100, 3, 111),
      (578, 100, 3, 112),
      (579, 100, 3, 113),
      (580, 100, 3, 114),
      (581, 100, 3, 115),
      (582, 100, 3, 116),
      (583, 100, 3, 118),
      (584, 100, 3, 119),
      (585, 100, 3, 120),
      (586, 100, 3, 142),
      (587, 100, 3, 143),
      (588, 100, 3, 144),
      (589, 100, 3, 145),
      (590, 100, 3, 146),
      (591, 100, 3, 147),
      (592, 100, 3, 148),
      (593, 100, 3, 149),
      (594, 100, 3, 150),
      (595, 100, 3, 151),
      (596, 100, 3, 152),
      (597, 100, 3, 153),
      (598, 100, 3, 154),
      (599, 100, 3, 155),
      (600, 100, 3, 177),
      (601, 100, 3, 178),
      (602, 100, 3, 179),
      (603, 100, 3, 180),
      (604, 100, 3, 181),
      (605, 100, 3, 182),
      (606, 100, 4, 1),
      (607, 100, 4, 2),
      (608, 100, 4, 3),
      (609, 100, 4, 4),
      (610, 100, 4, 5),
      (611, 100, 4, 6),
      (612, 100, 4, 7),
      (613, 100, 4, 29),
      (614, 100, 4, 30),
      (615, 100, 4, 31),
      (616, 100, 4, 32),
      (617, 100, 4, 33),
      (618, 100, 4, 34),
      (619, 100, 4, 35),
      (620, 100, 4, 57),
      (621, 100, 4, 58),
      (622, 100, 4, 59),
      (623, 100, 4, 60),
      (624, 100, 4, 61),
      (625, 100, 4, 62),
      (626, 100, 4, 63),
      (627, 100, 4, 85),
      (628, 100, 4, 86),
      (629, 100, 4, 87),
      (630, 100, 4, 88),
      (631, 100, 4, 89),
      (632, 100, 4, 90),
      (633, 100, 4, 91),
      (634, 100, 4, 121),
      (635, 100, 4, 122),
      (636, 100, 4, 123),
      (637, 100, 4, 124),
      (638, 100, 4, 125),
      (639, 100, 4, 126),
      (640, 100, 4, 127),
      (641, 100, 4, 156),
      (642, 100, 4, 157),
      (643, 100, 4, 158),
      (644, 100, 4, 159),
      (645, 100, 4, 160),
      (646, 100, 4, 161),
      (647, 100, 4, 162),
      (648, 100, 4, 191),
      (649, 100, 4, 192),
      (650, 100, 4, 193),
      (651, 100, 4, 194),
      (652, 100, 4, 195),
      (653, 100, 4, 196),
      (654, 100, 4, 197),
      (655, 100, 4, 8),
      (656, 100, 4, 9),
      (657, 100, 4, 10),
      (658, 100, 4, 11),
      (659, 100, 4, 12),
      (660, 100, 4, 13),
      (661, 100, 4, 14),
      (662, 100, 4, 36),
      (663, 100, 4, 37),
      (664, 100, 4, 38),
      (665, 100, 4, 39),
      (666, 100, 4, 40),
      (667, 100, 4, 41),
      (668, 100, 4, 42),
      (669, 100, 4, 64),
      (670, 100, 4, 65),
      (671, 100, 4, 66),
      (672, 100, 4, 67),
      (673, 100, 4, 68),
      (674, 100, 4, 69),
      (675, 100, 4, 70),
      (676, 100, 4, 92),
      (677, 100, 4, 93),
      (678, 100, 4, 94),
      (679, 100, 4, 95),
      (680, 100, 4, 96),
      (681, 100, 4, 97),
      (682, 100, 4, 98),
      (683, 100, 4, 128),
      (684, 100, 4, 129),
      (685, 100, 4, 130),
      (686, 100, 4, 131),
      (687, 100, 4, 132),
      (688, 100, 4, 133),
      (689, 100, 4, 134),
      (690, 100, 4, 163),
      (691, 100, 4, 164),
      (692, 100, 4, 165),
      (693, 100, 4, 166),
      (694, 100, 4, 167),
      (695, 100, 4, 168),
      (696, 100, 4, 169),
      (697, 100, 4, 198),
      (698, 100, 4, 199),
      (699, 100, 4, 200),
      (700, 100, 4, 201),
      (701, 100, 4, 202),
      (702, 100, 4, 203),
      (703, 100, 4, 204),
      (704, 100, 4, 15),
      (705, 100, 4, 16),
      (706, 100, 4, 17),
      (707, 100, 4, 18),
      (708, 100, 4, 19),
      (709, 100, 4, 20),
      (710, 100, 4, 21),
      (711, 100, 4, 43),
      (712, 100, 4, 44),
      (713, 100, 4, 45),
      (714, 100, 4, 46),
      (715, 100, 4, 47),
      (716, 100, 4, 48),
      (717, 100, 4, 49),
      (718, 100, 4, 71),
      (719, 100, 4, 72),
      (720, 100, 4, 73),
      (721, 100, 4, 74),
      (722, 100, 4, 75),
      (723, 100, 4, 76),
      (724, 100, 4, 77),
      (725, 100, 4, 99),
      (726, 100, 4, 100),
      (727, 100, 4, 101),
      (728, 100, 4, 102),
      (729, 100, 4, 103),
      (730, 100, 4, 104),
      (731, 100, 4, 105),
      (732, 100, 4, 135),
      (733, 100, 4, 136),
      (734, 100, 4, 137),
      (735, 100, 4, 138),
      (736, 100, 4, 139),
      (737, 100, 4, 140),
      (738, 100, 4, 141),
      (739, 100, 4, 170),
      (740, 100, 4, 171),
      (741, 100, 4, 172),
      (742, 100, 4, 173),
      (743, 100, 4, 174),
      (744, 100, 4, 175),
      (745, 100, 4, 176),
      (746, 100, 4, 205),
      (747, 100, 4, 206),
      (748, 100, 4, 207),
      (749, 100, 4, 208),
      (750, 100, 4, 209),
      (751, 100, 4, 210),
      (752, 100, 4, 211),
      (753, 100, 4, 22),
      (754, 100, 4, 23),
      (755, 100, 4, 24),
      (756, 100, 4, 25),
      (757, 100, 4, 26),
      (758, 100, 4, 27),
      (759, 100, 4, 28),
      (760, 100, 4, 50),
      (761, 100, 4, 51),
      (762, 100, 4, 52),
      (763, 100, 4, 53),
      (764, 100, 4, 54),
      (765, 100, 4, 55),
      (766, 100, 4, 56),
      (767, 100, 4, 78),
      (768, 100, 4, 79),
      (769, 100, 4, 80),
      (770, 100, 4, 81),
      (771, 100, 4, 82),
      (772, 100, 4, 83),
      (773, 100, 4, 84),
      (774, 100, 4, 106),
      (775, 100, 4, 107),
      (776, 100, 4, 108),
      (777, 100, 4, 109),
      (778, 100, 4, 110),
      (779, 100, 4, 111),
      (780, 100, 4, 112),
      (781, 100, 4, 113),
      (782, 100, 4, 114),
      (783, 100, 4, 115),
      (784, 100, 4, 116),
      (785, 100, 4, 118),
      (786, 100, 4, 119),
      (787, 100, 4, 120),
      (788, 100, 4, 142),
      (789, 100, 4, 143),
      (790, 100, 4, 144),
      (791, 100, 4, 145),
      (792, 100, 4, 146),
      (793, 100, 4, 147),
      (794, 100, 4, 148),
      (795, 100, 4, 149),
      (796, 100, 4, 150),
      (797, 100, 4, 151),
      (798, 100, 4, 152),
      (799, 100, 4, 153),
      (800, 100, 4, 154),
      (801, 100, 4, 155),
      (802, 100, 4, 177),
      (803, 100, 4, 178),
      (804, 100, 4, 179),
      (805, 100, 4, 180),
      (806, 100, 4, 181),
      (807, 100, 4, 182);


INSERT INTO `tag` VALUES (1,0,'Bán chạy'),(2,0,'Mới'),(3,0,'Trending'),(4,0,'Ưu đãi');

INSERT INTO `product_tag` VALUES (1,54,1),(2,1,1),(3,23,1),(4,28,1),(5,31,1),(6,34,1),(7,37,1),(8,42,1);

INSERT INTO `designed_product`  VALUES
                                    (2,'2022-06-02','2022-06-02', 'design của tôi',50000.0,'ao ne',1,1,51,4),
                                    (3,'2022-06-02','2022-06-10', 'design của tôi',50000.0,'ao thun',1,1,6,9),
                                    (4,'2022-06-02','2022-06-09', 'design của tôi',50000.0,'Áo dài tay trắng',1,1,23,11),
                                    (5,'2022-06-02','2022-06-08', 'design của tôi',50000.0,'Áo thun trắng',1,1,28,13),
                                    (6,'2022-06-02','2022-06-07', 'design của tôi',50000.0,'Áo thun xám',1,2,31,15),
                                    (7,'2022-06-02','2022-06-06', 'design của tôi',50000.0,'Áo ba lỗ trắng',1,2,37,17),
                                    (8,'2022-06-02','2022-06-05', 'design của tôi',50000.0,'Áo ba lỗ',1,2,42,19),
                                    (9,'2022-06-02','2022-06-04', 'design của tôi',50000.0,'Áo thun ba lỗ ',1,2,45,21),
                                    (10,'2022-06-02','2022-06-03', 'design của tôi',50000.0,'Áo thun trắng trơn',1,2,48,26);

INSERT INTO `image_preview`  VALUES
                                    (1 ,'https://firebasestorage.googleapis.com/v0/b/assignment1-302217.appspot.com/o/4-0.jpg?alt=media&token=5ce8f57a-65ef-411a-b529-4e098c84e533' , "front", "black",2 ),
                                    (2 ,'https://firebasestorage.googleapis.com/v0/b/assignment1-302217.appspot.com/o/4-0.jpg?alt=media&token=5ce8f57a-65ef-411a-b529-4e098c84e533' , "front", "black",3 ),
                                    (3 ,'https://firebasestorage.googleapis.com/v0/b/assignment1-302217.appspot.com/o/4-0.jpg?alt=media&token=5ce8f57a-65ef-411a-b529-4e098c84e533' , "front", "black",4 ),
                                    (4 ,'https://firebasestorage.googleapis.com/v0/b/assignment1-302217.appspot.com/o/4-0.jpg?alt=media&token=5ce8f57a-65ef-411a-b529-4e098c84e533' , "front", "black",5 ),
                                    (5 ,'https://firebasestorage.googleapis.com/v0/b/assignment1-302217.appspot.com/o/4-0.jpg?alt=media&token=5ce8f57a-65ef-411a-b529-4e098c84e533' , "front", "black",6 ),
                                    (6 ,'https://firebasestorage.googleapis.com/v0/b/assignment1-302217.appspot.com/o/4-0.jpg?alt=media&token=5ce8f57a-65ef-411a-b529-4e098c84e533' , "front", "black",7 ),
                                    (7 ,'https://firebasestorage.googleapis.com/v0/b/assignment1-302217.appspot.com/o/4-0.jpg?alt=media&token=5ce8f57a-65ef-411a-b529-4e098c84e533' , "front", "black",8 ),
                                    (8 ,'https://firebasestorage.googleapis.com/v0/b/assignment1-302217.appspot.com/o/4-0.jpg?alt=media&token=5ce8f57a-65ef-411a-b529-4e098c84e533' , "front", "black",9 ),
                                    (9 ,'https://firebasestorage.googleapis.com/v0/b/assignment1-302217.appspot.com/o/4-0.jpg?alt=media&token=5ce8f57a-65ef-411a-b529-4e098c84e533' , "front", "black",10 );

INSERT INTO `rating`
VALUES (1, 'Good', '2000-06-02', 5, 2, 4),
       (2, 'Bad', '2000-06-02', 2, 2, 4),
       (3, 'Good', '2000-06-02', 5, 2, 4),
       (4, 'Good', '2000-06-02', 5, 2, 4),
       (5, 'Good', '2000-06-02', 5, 3, 4),
       (6, 'Good', '2000-06-02', 5, 3, 4),
       (7, 'Good', '2000-06-02', 5, 3, 4),
       (8, 'Good', '2000-06-02', 5, 3, 4);
INSERT INTO capstone_pod.blue_print (id,frame_image,`position`,designed_product_id) VALUES
                                                                                        (11,'1','1',2),
                                                                                        (2,'1','1',3),
                                                                                        (3,'1','1',4),
                                                                                        (4,'1','1',5),
                                                                                        (5,'1','1',6),
                                                                                        (6,'1','1',7),
                                                                                        (7,'1','1',8),
                                                                                        (8,'1','1',9),
                                                                                        (9,'1','1',10);

INSERT INTO capstone_pod.design_info (id,height,left_position,name,rotate,scales,src,top_position,types,width,blue_print_id) VALUES
                                                                                                                                     (2,1.0,1.0,'ao',1.0,1.0,'ao',1.0,'image/jpeg',1.0,2),
                                                                                                                                     (3,1.0,1.0,'ao',1.0,1.0,'ao',1.0,'image/jpeg',1.0,3),
                                                                                                                                     (4,1.0,1.0,'ao',1.0,1.0,'ao',1.0,'image/jpeg',1.0,4),
                                                                                                                                     (5,1.0,1.0,'ao',1.0,1.0,'ao',1.0,'image/jpeg',1.0,5),
                                                                                                                                     (6,1.0,1.0,'ao',1.0,1.0,'ao',1.0,'image/jpeg',1.0,6),
                                                                                                                                     (7,1.0,1.0,'ao',1.0,1.0,'ao',1.0,'image/jpeg',1.0,7);

INSERT INTO `placeholder` VALUES (7,100,1,11),(2,100,2,2),(3,100,1,3),(4,100,2,4),(5,100,1,5),(6,100,2,6);

INSERT INTO `designed_product_tag`  VALUES
                                        (1,10,1),
                                        (2,2,2),
                                        (3,3,3),
                                        (4,4,4),
                                        (5,5,1),
                                        (6,6,2),
                                        (7,7,3);
