#ROLE TABLE

Insert into Role values (1,"USER");
Insert into Role values (2,"ADMIN");
Insert into Role values (3,"FACTORY");

#HIBERNATE TABLE
Insert into hibernate_sequence values(1);

INSERT INTO `category` VALUES (1,'1',0,'Áo thun'),(2,'1',0,'Áo ba lỗ'),(3,'1',0,'Áo dài tay'),(4,'1',0,'Áo hoodies');

INSERT INTO `color` VALUES (1,'https://firebasestorage.googleapis.com/v0/b/assignment1-302217.appspot.com/o/color%2Fblack.webp?alt=media&token=00cc21bc-66d5-48b0-809c-b63e845eff5a','Trắng'),
                           (2,'https://firebasestorage.googleapis.com/v0/b/assignment1-302217.appspot.com/o/color%2Fwhite.png?alt=media&token=8239b14a-151b-4726-a9d1-1334eaeb82e3','Đen'),
                           (3,'https://firebasestorage.googleapis.com/v0/b/assignment1-302217.appspot.com/o/color%2Fred.jpg?alt=media&token=4ad0c9de-27cd-4b71-9738-4fc3813b6d0d','Đỏ'),
                           (4,'https://firebasestorage.googleapis.com/v0/b/assignment1-302217.appspot.com/o/color%2Fyellow.png?alt=media&token=5b62f057-36a7-46be-9897-72fddaf39214','Vàng'),
                           (5,'https://firebasestorage.googleapis.com/v0/b/assignment1-302217.appspot.com/o/color%2Fhinh-nen-mau-tim-don-gian.jpg?alt=media&token=f2704e0d-ab41-4a14-b7a8-878da10ff991','Tím'),
                           (6,'https://firebasestorage.googleapis.com/v0/b/assignment1-302217.appspot.com/o/color%2Fblue.jpg?alt=media&token=908682cc-bbfb-4b37-8857-5a3266c0d4eb','Xanh dương'),
                           (7,'https://firebasestorage.googleapis.com/v0/b/assignment1-302217.appspot.com/o/color%2Fgreen.jpg?alt=media&token=8ccaa0b7-cedf-487d-a655-6890758e8540','Xanh lá cây'),
                           (8,'https://firebasestorage.googleapis.com/v0/b/assignment1-302217.appspot.com/o/color%2Fpink.jpg?alt=media&token=b9a91f1b-739f-4123-b5cf-6624d507669e','Hồng'),
                           (9,'https://firebasestorage.googleapis.com/v0/b/assignment1-302217.appspot.com/o/color%2Fgray.png?alt=media&token=e42488b4-7fd0-4086-98c4-7e9a9f156fa5','Xám');

INSERT INTO `user` VALUES (4,'Duy',_binary '\0','Nguyen','ACTIVE'),(9,'Hiếu',_binary '\0','Nguyễn Minh','INACTIVE'),(11,'Sang',_binary '\0','Vũ Viết','ACTIVE'),(13,'Hưng',_binary '\0','Nguyễn Bá','ACTIVE'),(15,'Dương',_binary '\0','Nguyễn Hữu','ACTIVE'),(17,'Huy',_binary '\0','Đinh Quang','ACTIVE'),(19,'Duy',_binary '\0','Nguyễn Khánh','ACTIVE'),(21,'Son',_binary '\0','Tran Thanh','ACTIVE'),(26,'Duy',_binary '\0','Nguyen','ACTIVE'),(57,'Nguyen',_binary '\0','Thang','ACTIVE'),(59,'Dung',_binary '\0','Nguyen','ACTIVE'),(61,'vu',_binary '\0','sang','ACTIVE');

INSERT INTO `credential` VALUES (5,'2022-06-02','2022-06-02','Huyện U Minh','duyuminh41@gmail.com',NULL,'$2a$10$fmnBIC/jSADYvHDtszvG0uFjnsEex5YR2s1/4MSWkxuJtd6sVbab.','0818258855',NULL,1,4),(10,'2022-06-03','2022-06-03','Chung cư Valéo','hieuthomnghiep@gmail.com',NULL,'$2a$10$67cVi3HFFf3.QHE3YZNcXuGXySV7P16ZGBDHf/psz8SC3tLtNrzuK','0818258855',NULL,1,9),(12,'2022-06-03','2022-06-03','Trần Thị Cờ','sangne@gmail.com',NULL,'$2a$10$0v/.p7slyPHelyPj8zJ9DuKNwVJ6w0wcrFydnyfUhJNt0nwQi5n2.','0818258855',NULL,3,11),(14,'2022-06-03','2022-06-03','Chung cu valéo','hungne@gmail.com',NULL,'$2a$10$V.XTfogjAbkrKGbZBb6mve20Rx9yyBmXmF1lMscEIm5qs2Ew4sO2O','0818258855',NULL,1,13),(16,'2022-06-03','2022-06-03','TP. Thủ Đức','Duongne@gmail.com',NULL,'$2a$10$PLsQ0UCjbQ4PwX3NMwjTHuWi8Prz6nwN86q9eFOFXOH/Z4mGpp0s2','0818258855',NULL,3,15),(18,'2022-06-03','2022-06-03','Xa Lộ Hà Nội','Huyne@gmail.com',NULL,'$2a$10$m8uPZRQ2B78bfh9TmnRR7OJRjRnbmH9mdMnd.L3pwNv4sAiuvFiPu','0818258855',NULL,1,17),(20,'2022-06-03','2022-06-03','Vinhome grand park Q9','duyne@gmail.com',NULL,'$2a$10$/eiFt8gbuaUq0SngljG6nuXhOPjvqsCRkfr0NOY8npAe9N63oeJfO','0818258855',NULL,2,19),(22,'2022-06-03','2022-06-03','Vinhome grand park Q9','sonne@gmail.com',NULL,'$2a$10$tCV/lVrjzLyyjYBp3XLEY.mYVVa6rzzMwsC2YSAH4gVdzKTAL4f4m','0818258855',NULL,1,21),(27,'2022-06-03','2022-06-03','Vinhome grand park Q9','duyuminh4441@gmail.com',NULL,'$2a$10$R.9b61o0/1yZ/iDH36ZQQ.oTDtgAnxnqulHc7ZnQfVAVWeuoDJRAS','0818258855',NULL,1,26),(58,'2022-06-08','2022-06-08','1234567890','duyne123455@gmail.com',NULL,'$2a$10$qxeCjYc4zU9fu0muzrbEVeOaF0oBqONqQ2rcH5lpN7uHrwq.Oxlvu','097104275',NULL,3,57),(60,'2022-06-08','2022-06-08','Chung cu valéo','dung123@gmail.com',NULL,'$2a$10$jkbmwK.ZWTOCaqX/v9QJ0OzgNZc9ti4GBWMcpa2ZkhTzzBjmyMS5i','097104275',NULL,1,59),(62,'2022-06-08','2022-06-08','1234567890','vuvietsangadmin10a9@gmail.com',NULL,'$2a$10$QvskdTmylaPLJcDCnhyc1enr76O1CSx9kEjPgTsRZOnXDZPT14Ie2','097104275',NULL,2,61);

INSERT INTO capstone_pod.factory (id,is_collaborating,location,name) VALUES
                                                                         (1,0,'HCM','SASEU'),
                                                                         (2,0,'HCM','NAP'),
                                                                         (3,0,'HCM','KMS'),
                                                                         (4,0,'HCM','KNS');

INSERT INTO `product` VALUES (1,'2022-06-02','2022-06-02','rất chi là đẹp luôn',_binary '\0',true,'dài tay',1),
                             (6,'2022-06-02','2022-06-02','rất chi là đẹp luôn',_binary '\0',true,'áo thun',1),
                             (23,'2022-06-03','2022-06-03','rất chi là đẹp luôn',_binary '\0',true,'T-shirt',1),
                             (28,'2022-06-03','2022-06-03','rất chi là đẹp luôn',_binary '\0',true,'Áo dài tay trắng',3),
                             (31,'2022-06-03','2022-06-03','rất chi là đẹp luôn',_binary '\0',true,'Áo thun trắng',1),
                             (34,'2022-06-03','2022-06-03','rất chi là đẹp luôn',_binary '\0',true,'Áo thun xám',1),
                             (37,'2022-06-03','2022-06-03','rất chi là đẹp luôn',_binary '\0',true,'Áo ba lỗ trắng',2),
                             (42,'2022-06-08','2022-06-08','rất chi là đẹp luôn',_binary '\0',true,'Áo ba lỗ',2),
                             (45,'2022-06-08','2022-06-08','rất chi là đẹp luôn',_binary '\0',true,'Áo thun ba lỗ ',2),
                             (48,'2022-06-08','2022-06-08','rất chi là đẹp luôn',_binary '\0',true,'Áo thun trắng trơn ',1),
                             (51,'2022-06-08','2022-06-08','rất chi là đẹp luôn',_binary '\0',true,'Áo thun ',1),
                             (54,'2022-06-08','2022-06-08','rất chi là đẹp luôn',_binary '\0',true,'Áo thun vải ',1);

INSERT INTO capstone_pod.price_by_factory (id,price,discount_id,factory_id,product_id) VALUES
                 (1,50.0,NULL,1,1),
                 (2,50.0,NULL,1,6),
                 (3,50.0,NULL,1,23),
                 (4,50.0,NULL,1,28),
                 (5,50.0,NULL,1,34),
                 (6,50.0,NULL,1,37),
                 (7,50.0,NULL,1,42),
                 (8,50.0,NULL,1,45),
                 (9,50.0,NULL,1,48),
                 (10,50.0,NULL,1,51),
                 (11,89.0,NULL,1,54),
                 (12,73.0,NULL,2,31),
                 (13,24.0,NULL,2,1),
                 (14,15.0,NULL,2,6),
                 (15,90.0,NULL,2,23),
                 (16,100.0,NULL,2,28),
                 (17,56.0,NULL,2,34),
                 (18,68.0,NULL,2,37),
                 (19,83.0,NULL,2,42),
                 (20,92.0,NULL,2,45),
                 (21,46.0,NULL,2,48),
                 (22,34.0,NULL,2,51),
                 (23,55.0,NULL,2,54),
                 (24,66.0,NULL,2,31),
                 (25,55.0,NULL,3,1),
                 (26,56.0,NULL,3,6),
                 (27,57.0,NULL,3,23),
                 (28,58.0,NULL,3,28),
                 (29,59.0,NULL,3,34),
                 (30,51.0,NULL,3,37),
                 (31,66.0,NULL,3,42),
                 (32,77.0,NULL,3,45),
                 (33,83.0,NULL,3,48),
                 (34,94.0,NULL,3,51),
                 (35,12.0,NULL,3,54),
                 (36,45.0,NULL,3,31),
                 (37,33.0,NULL,4,1),
                 (38,65.0,NULL,4,6),
                 (39,73.0,NULL,4,23),
                 (40,37.0,NULL,4,28),
                 (41,81.0,NULL,4,34),
                 (42,92.0,NULL,4,37),
                 (43,44.0,NULL,4,42),
                 (44,52.0,NULL,4,45),
                 (45,67.0,NULL,4,48),
                 (46,78.0,NULL,4,51),
                 (47,83.0,NULL,4,54),
                 (48,50.0,NULL,4,31);

INSERT INTO capstone_pod.product_blue_print (id, frame_image, place_holder_height, place_holder_width, `position`,
                                             product_id)
VALUES
       (1, '1', 1.0, 1.0, 'Back', 1),
       (2, '1', 1.0, 1.0, 'Front', 1),
       (3, '1', 1.0, 1.0, 'Back', 6),
       (4, '1', 1.0, 1.0, 'Front', 6),
       (5, '2', 2.0, 2.0, 'Front', 23),
       (6, '2', 2.0, 2.0, 'Back', 23),
       (7, '2', 2.0, 2.0, 'Front', 28),
       (8, '2', 2.0, 2.0, 'Back', 28),
       (9, '2', 2.0, 2.0, 'Front', 31),
       (10, '2', 2.0, 2.0, 'Back', 31),
       (11, '2', 2.0, 2.0, 'Front', 34),
       (12, '2', 2.0, 2.0, 'Back', 34),
       (13, '2', 2.0, 2.0, 'Front', 42),
       (14, '2', 2.0, 2.0, 'Back', 45),
       (15, '2', 2.0, 2.0, 'Front', 48),
       (16, '2', 2.0, 2.0, 'Back', 48),
       (17, '2', 2.0, 2.0, 'Front', 51),
       (18, '2', 2.0, 2.0, 'Back', 51),
       (19, '2', 2.0, 2.0, 'Front', 54),
       (20, '2', 2.0, 2.0, 'Back', 54);

INSERT INTO `product_images` VALUES (2,'https://firebasestorage.googleapis.com/v0/b/assignment1-302217.appspot.com/o/4-0.jpg?alt=media&token=5ce8f57a-65ef-411a-b529-4e098c84e533',1),(3,'https://firebasestorage.googleapis.com/v0/b/assignment1-302217.appspot.com/o/4-0.jpg?alt=media&token=5ce8f57a-65ef-411a-b529-4e098c84e533',1),(7,'https://firebasestorage.googleapis.com/v0/b/assignment1-302217.appspot.com/o/4-0.jpg?alt=media&token=5ce8f57a-65ef-411a-b529-4e098c84e533',6),(8,'https://firebasestorage.googleapis.com/v0/b/assignment1-302217.appspot.com/o/4-0.jpg?alt=media&token=5ce8f57a-65ef-411a-b529-4e098c84e533',6),(24,'https://firebasestorage.googleapis.com/v0/b/assignment1-302217.appspot.com/o/4-0.jpg?alt=media&token=5ce8f57a-65ef-411a-b529-4e098c84e533',23),(25,'https://firebasestorage.googleapis.com/v0/b/assignment1-302217.appspot.com/o/4-0.jpg?alt=media&token=5ce8f57a-65ef-411a-b529-4e098c84e533',23),(29,'https://firebasestorage.googleapis.com/v0/b/assignment1-302217.appspot.com/o/dai-tay-trang-mat-truoc.png?alt=media&token=34310edc-88f3-407b-b8b9-36a109abf81b',28),(30,'https://firebasestorage.googleapis.com/v0/b/assignment1-302217.appspot.com/o/dai-tay-trang-mat-sau.png?alt=media&token=d8382cca-1aad-4bd6-82c7-ba4aa622e71f',28),(32,'https://firebasestorage.googleapis.com/v0/b/assignment1-302217.appspot.com/o/thun-trang-mat-truoc.png?alt=media&token=9f25a0e1-9dab-472a-93e6-e9a6ca92a2a0',31),(33,'https://firebasestorage.googleapis.com/v0/b/assignment1-302217.appspot.com/o/thun-trang-mat-sau.png?alt=media&token=263c173d-ae24-48c8-b35d-d0864bad71c0',31),(35,'https://firebasestorage.googleapis.com/v0/b/assignment1-302217.appspot.com/o/thun-xam-mat-truoc.png?alt=media&token=0c80d4a2-8943-4325-8816-89b068fb40c3',34),(36,'https://firebasestorage.googleapis.com/v0/b/assignment1-302217.appspot.com/o/thun-xam-mat-sau.png?alt=media&token=0625c7a1-9617-4de7-9fe3-a4cdf81c38db',34),(38,'https://firebasestorage.googleapis.com/v0/b/assignment1-302217.appspot.com/o/aobalo-trang-mat-truoc.png?alt=media&token=cfcb1a55-47f7-4a1c-80e7-c74beb351bd7',37),(39,'https://firebasestorage.googleapis.com/v0/b/assignment1-302217.appspot.com/o/aobalo-trang-mat-sau.png?alt=media&token=5ea98a33-cb61-417f-87d2-d6536823e3e8',37),(40,'https://firebasestorage.googleapis.com/v0/b/assignment1-302217.appspot.com/o/aobalo-trang-1.png?alt=media&token=ca3cee69-3f76-426e-88af-2463ac40e646',37),(41,'https://firebasestorage.googleapis.com/v0/b/assignment1-302217.appspot.com/o/aobalo-trang-2.png?alt=media&token=931b4fdf-3c76-4128-8d14-c59556b7c3cc',37),(43,'https://firebasestorage.googleapis.com/v0/b/assignment1-302217.appspot.com/o/aobalo-trang-mat-truoc.png?alt=media&token=cfcb1a55-47f7-4a1c-80e7-c74beb351bd7',42),(44,'https://firebasestorage.googleapis.com/v0/b/assignment1-302217.appspot.com/o/aobalo-trang-mat-sau.png?alt=media&token=5ea98a33-cb61-417f-87d2-d6536823e3e8',42),(46,'https://firebasestorage.googleapis.com/v0/b/assignment1-302217.appspot.com/o/aobalo-trang-mat-truoc.png?alt=media&token=cfcb1a55-47f7-4a1c-80e7-c74beb351bd7',45),(47,'https://firebasestorage.googleapis.com/v0/b/assignment1-302217.appspot.com/o/aobalo-trang-mat-sau.png?alt=media&token=5ea98a33-cb61-417f-87d2-d6536823e3e8',45),(49,'https://firebasestorage.googleapis.com/v0/b/assignment1-302217.appspot.com/o/thun-trang-mat-truoc.png?alt=media&token=9f25a0e1-9dab-472a-93e6-e9a6ca92a2a0',48),(50,'https://firebasestorage.googleapis.com/v0/b/assignment1-302217.appspot.com/o/thun-trang-mat-sau.png?alt=media&token=263c173d-ae24-48c8-b35d-d0864bad71c0',48),(52,'https://firebasestorage.googleapis.com/v0/b/assignment1-302217.appspot.com/o/thun-trang-mat-truoc.png?alt=media&token=9f25a0e1-9dab-472a-93e6-e9a6ca92a2a0',51),(53,'https://firebasestorage.googleapis.com/v0/b/assignment1-302217.appspot.com/o/thun-trang-mat-sau.png?alt=media&token=263c173d-ae24-48c8-b35d-d0864bad71c0',51),(55,'https://firebasestorage.googleapis.com/v0/b/assignment1-302217.appspot.com/o/thun-trang-mat-truoc.png?alt=media&token=9f25a0e1-9dab-472a-93e6-e9a6ca92a2a0',54),(56,'https://firebasestorage.googleapis.com/v0/b/assignment1-302217.appspot.com/o/thun-trang-mat-sau.png?alt=media&token=263c173d-ae24-48c8-b35d-d0864bad71c0',54);


INSERT INTO `size` VALUES (1,'XS'),(2,'S'),(3,'M'),(4,'L'),(5,'XL'),(6,'XXL'),(7,'XXXL');
-- # product ID : 1 , 6 , 23 , 28 , 31 , 24 , 42 , 45 , 48 , 51 , 54
INSERT INTO capstone_pod.size_color
(id, color_id, product_id, size_id)
VALUES
     (1, 1, 1, 1),
     (2, 1, 1, 2),
     (3, 1, 1, 3),
     (4, 1, 1, 4),
     (5, 1, 1, 5),
     (6, 1, 1, 6),
     (7, 1, 1, 7),
     (8, 2, 1, 1),
     (9, 2, 1, 2),
     (10, 2, 1, 3),
     (11, 2, 1, 4),
     (12, 2, 1, 5),
     (13, 2, 1, 6),
     (14, 2, 1, 7),
     (15, 3, 1, 1),
     (16, 3, 1, 2),
     (17, 3, 1, 3),
     (18, 3, 1, 4),
     (19, 3, 1, 5),
     (20, 3, 1, 6),
     (21, 3, 1, 7),
     (22, 4, 1, 1),
     (23, 4, 1, 2),
     (24, 4, 1, 3),
     (25, 4, 1, 4),
     (26, 4, 1, 5),
     (27, 4, 1, 6),
     (28, 4, 1, 7),
     (29, 1, 6, 1),
     (30, 1, 6, 2),
     (31, 1, 6, 3),
     (32, 1, 6, 4),
     (33, 1, 6, 5),
     (34, 1, 6, 6),
     (35, 1, 6, 7),
     (36, 2, 6, 1),
     (37, 2, 6, 2),
     (38, 2, 6, 3),
     (39, 2, 6, 4),
     (40, 2, 6, 5),
     (41, 2, 6, 6),
     (42, 2, 6, 7),
     (43, 3, 6, 1),
     (44, 3, 6, 2),
     (45, 3, 6, 3),
     (46, 3, 6, 4),
     (47, 3, 6, 5),
     (48, 3, 6, 6),
     (49, 3, 6, 7),
     (50, 4, 6, 1),
     (51, 4, 6, 2),
     (52, 4, 6, 3),
     (53, 4, 6, 4),
     (54, 4, 6, 5),
     (55, 4, 6, 6),
     (56, 4, 6, 7),
     (57, 1, 23, 1),
     (58, 1, 23, 2),
     (59, 1, 23, 3),
     (60, 1, 23, 4),
     (61, 1, 23, 5),
     (62, 1, 23, 6),
     (63, 1, 23, 7),
     (64, 2, 23, 1),
     (65, 2, 23, 2),
     (66, 2, 23, 3),
     (67, 2, 23, 4),
     (68, 2, 23, 5),
     (69, 2, 23, 6),
     (70, 2, 23, 7),
     (71, 3, 23, 1),
     (72, 3, 23, 2),
     (73, 3, 23, 3),
     (74, 3, 23, 4),
     (75, 3, 23, 5),
     (76, 3, 23, 6),
     (77, 3, 23, 7),
     (78, 4, 28, 1),
     (79, 4, 28, 2),
     (80, 4, 28, 3),
     (81, 4, 28, 4),
     (82, 4, 28, 5),
     (83, 4, 28, 6),
     (84, 4, 28, 7),
     (85, 1, 28, 1),
     (86, 1, 28, 2),
     (87, 1, 28, 3),
     (88, 1, 28, 4),
     (89, 1, 28, 5),
     (90, 1, 28, 6),
     (91, 1, 28, 7),
     (92, 2, 28, 1),
     (93, 2, 28, 2),
     (94, 2, 28, 3),
     (95, 2, 28, 4),
     (96, 2, 28, 5),
     (97, 2, 28, 6),
     (98, 2, 28, 7),
     (99, 3, 28, 1),
     (100, 3, 28, 2),
     (101, 3, 28, 3),
     (102, 3, 28, 4),
     (103, 3, 28, 5),
     (104, 3, 28, 6),
     (105, 3, 28, 7),
     (106, 4, 28, 1),
     (107, 4, 28, 2),
     (108, 4, 28, 3),
     (109, 4, 28, 4),
     (110, 4, 28, 5),
     (111, 4, 28, 6),
     (112, 4, 28, 7),
     (113, 4, 28, 1),
     (114, 4, 28, 2),
     (115, 4, 28, 3),
     (116, 4, 28, 4),
     (118, 4, 28, 5),
     (119, 4, 28, 6),
     (120, 4, 28, 7),
     (121, 1, 31, 1),
     (122, 1, 31, 2),
     (123, 1, 31, 3),
     (124, 1, 31, 4),
     (125, 1, 31, 5),
     (126, 1, 31, 6),
     (127, 1, 31, 7),
     (128, 2, 31, 1),
     (129, 2, 31, 2),
     (130, 2, 31, 3),
     (131, 2, 31, 4),
     (132, 2, 31, 5),
     (133, 2, 31, 6),
     (134, 2, 31, 7),
     (135, 3, 31, 1),
     (136, 3, 31, 2),
     (137, 3, 31, 3),
     (138, 3, 31, 4),
     (139, 3, 31, 5),
     (140, 3, 31, 6),
     (141, 3, 31, 7),
     (142, 4, 31, 1),
     (143, 4, 31, 2),
     (144, 4, 31, 3),
     (145, 4, 31, 4),
     (146, 4, 31, 5),
     (147, 4, 31, 6),
     (148, 4, 31, 7),
     (149, 4, 28, 1),
     (150, 4, 28, 2),
     (151, 4, 28, 3),
     (152, 4, 28, 4),
     (153, 4, 28, 5),
     (154, 4, 28, 6),
     (155, 4, 28, 7),
     (156, 1, 54, 1),
     (157, 1, 54, 2),
     (158, 1, 54, 3),
     (159, 1, 54, 4),
     (160, 1, 54, 5),
     (161, 1, 54, 6),
     (162, 1, 54, 7),
     (163, 2, 54, 1),
     (164, 2, 54, 2),
     (165, 2, 54, 3),
     (166, 2, 54, 4),
     (167, 2, 54, 5),
     (168, 2, 54, 6),
     (169, 2, 54, 7),
     (170, 3, 54, 1),
     (171, 3, 54, 2),
     (172, 3, 54, 3),
     (173, 3, 54, 4),
     (174, 3, 54, 5),
     (175, 3, 54, 6),
     (176, 3, 54, 7),
     (177, 4, 54, 1),
     (178, 4, 54, 2),
     (179, 4, 54, 3),
     (180, 4, 54, 4),
     (181, 4, 54, 5),
     (182, 4, 54, 6),
     (183, 4, 54, 7),
     (184, 4, 42, 1),
     (185, 4, 42, 2),
     (186, 4, 42, 3),
     (187, 4, 42, 4),
     (188, 4, 42, 5),
     (189, 4, 42, 6),
     (190, 4, 42, 7),
     (191, 1, 42, 1),
     (192, 1, 42, 2),
     (193, 1, 42, 3),
     (194, 1, 42, 4),
     (195, 1, 42, 5),
     (196, 1, 42, 6),
     (197, 1, 42, 7),
     (198, 2, 42, 1),
     (199, 2, 42, 2),
     (200, 2, 42, 3),
     (201, 2, 42, 4),
     (202, 2, 42, 5),
     (203, 2, 42, 6),
     (204, 2, 42, 7),
     (205, 3, 42, 1),
     (206, 3, 42, 2),
     (207, 3, 42, 3),
     (208, 3, 42, 4),
     (209, 3, 42, 5),
     (210, 3, 42, 6),
     (211, 3, 42, 7),
     (212, 4, 42, 1),
     (213, 4, 42, 2),
     (214, 4, 42, 3),
     (215, 4, 42, 4),
     (216, 4, 42, 5),
     (217, 4, 42, 6),
     (218, 4, 42, 7);



INSERT INTO capstone_pod.size_color_by_factory
    (id, quantity, factory_id, size_color_id)
VALUES (1, 100, 2, 1),
       (2, 100, 2, 2),
       (3, 100, 2, 3),
       (4, 100, 2, 4),
       (5, 100, 2, 5),
       (6, 100, 2, 6),
       (7, 100, 2, 7),
       (8, 100, 2, 8),
       (9, 100, 2, 9),
       (10, 100, 2, 10),
       (11, 100, 2, 11),
       (12, 100, 2, 12),
       (13, 100, 1, 1),
       (14, 100, 1, 2),
       (15, 100, 1, 3),
       (16, 100, 1, 4),
       (17, 100, 1, 5),
       (18, 100, 1, 6),
       (19, 100, 1, 7),
       (20, 100, 1, 8),
       (21, 100, 1, 9),
       (22, 100, 1, 10),
       (23, 100, 1, 11),
       (24, 100, 1, 12),
       (25, 100, 3, 1),
       (26, 100, 3, 2),
       (27, 100, 3, 3),
       (28, 100, 3, 4),
       (29, 100, 3, 5),
       (30, 100, 3, 6),
       (31, 100, 3, 7),
       (32, 100, 3, 8),
       (33, 100, 3, 9),
       (34, 100, 3, 10),
       (35, 100, 3, 11),
       (36, 100, 3, 12),
       (37, 100, 4, 1),
       (38, 100, 4, 2),
       (39, 100, 4, 3),
       (40, 100, 4, 4),
       (41, 100, 4, 5),
       (42, 100, 4, 6),
       (43, 100, 4, 7),
       (44, 100, 4, 8),
       (45, 100, 4, 9),
       (46, 100, 4, 10),
       (47, 100, 4, 11),
       (48, 100, 4, 12);


INSERT INTO `tag` VALUES (1,0,'Bán chạy'),(2,0,'Mới'),(3,0,'Trending'),(4,0,'Ưu đãi');

INSERT INTO `product_tag` VALUES (1,54,1),(2,1,1),(3,23,1),(4,28,1),(5,31,1),(6,34,1),(7,37,1),(8,42,1);

INSERT INTO `designed_product`  VALUES
                                    (2,'2022-06-02','2022-06-02',50000.0,'ao ne',0,51,4),
                                    (3,'2022-06-02','2022-06-10',50000.0,'ao thun',0,6,9),
                                    (4,'2022-06-02','2022-06-09',50000.0,'Áo dài tay trắng',0,23,11),
                                    (5,'2022-06-02','2022-06-08',50000.0,'Áo thun trắng',0,28,13),
                                    (6,'2022-06-02','2022-06-07',50000.0,'Áo thun xám',0,31,15),
                                    (7,'2022-06-02','2022-06-06',50000.0,'Áo ba lỗ trắng',0,37,17),
                                    (8,'2022-06-02','2022-06-05',50000.0,'Áo ba lỗ',0,42,19),
                                    (9,'2022-06-02','2022-06-04',50000.0,'Áo thun ba lỗ ',0,45,21),
                                    (10,'2022-06-02','2022-06-03',50000.0,'Áo thun trắng trơn',0,48,26);

INSERT INTO `image_preview`  VALUES
                                    (1 ,'https://firebasestorage.googleapis.com/v0/b/assignment1-302217.appspot.com/o/4-0.jpg?alt=media&token=5ce8f57a-65ef-411a-b529-4e098c84e533' , "front",2 ),
                                    (2 ,'https://firebasestorage.googleapis.com/v0/b/assignment1-302217.appspot.com/o/4-0.jpg?alt=media&token=5ce8f57a-65ef-411a-b529-4e098c84e533' , "front",3 ),
                                    (3 ,'https://firebasestorage.googleapis.com/v0/b/assignment1-302217.appspot.com/o/4-0.jpg?alt=media&token=5ce8f57a-65ef-411a-b529-4e098c84e533' , "front",4 ),
                                    (4 ,'https://firebasestorage.googleapis.com/v0/b/assignment1-302217.appspot.com/o/4-0.jpg?alt=media&token=5ce8f57a-65ef-411a-b529-4e098c84e533' , "front",5 ),
                                    (5 ,'https://firebasestorage.googleapis.com/v0/b/assignment1-302217.appspot.com/o/4-0.jpg?alt=media&token=5ce8f57a-65ef-411a-b529-4e098c84e533' , "front",6 ),
                                    (6 ,'https://firebasestorage.googleapis.com/v0/b/assignment1-302217.appspot.com/o/4-0.jpg?alt=media&token=5ce8f57a-65ef-411a-b529-4e098c84e533' , "front",7 ),
                                    (7 ,'https://firebasestorage.googleapis.com/v0/b/assignment1-302217.appspot.com/o/4-0.jpg?alt=media&token=5ce8f57a-65ef-411a-b529-4e098c84e533' , "front",8 ),
                                    (8 ,'https://firebasestorage.googleapis.com/v0/b/assignment1-302217.appspot.com/o/4-0.jpg?alt=media&token=5ce8f57a-65ef-411a-b529-4e098c84e533' , "front",9 ),
                                    (9 ,'https://firebasestorage.googleapis.com/v0/b/assignment1-302217.appspot.com/o/4-0.jpg?alt=media&token=5ce8f57a-65ef-411a-b529-4e098c84e533' , "front",10 );

INSERT INTO `rating`
VALUES (1, 'Good', '2000-06-02', 5, 2, 4),
       (2, 'Bad', '2000-06-02', 2, 2, 4),
       (3, 'Good', '2000-06-02', 5, 2, 4),
       (4, 'Good', '2000-06-02', 5, 2, 4),
       (5, 'Good', '2000-06-02', 5, 3, 4),
       (6, 'Good', '2000-06-02', 5, 3, 4),
       (7, 'Good', '2000-06-02', 5, 3, 4),
       (8, 'Good', '2000-06-02', 5, 3, 4);
INSERT INTO capstone_pod.blue_print (id,frame_image,`position`,designed_product_id) VALUES
                                                                                        (11,'1','1',2),
                                                                                        (2,'1','1',3),
                                                                                        (3,'1','1',4),
                                                                                        (4,'1','1',5),
                                                                                        (5,'1','1',6),
                                                                                        (6,'1','1',7),
                                                                                        (7,'1','1',8),
                                                                                        (8,'1','1',9),
                                                                                        (9,'1','1',10);

INSERT INTO capstone_pod.design_info (id,height,left_position,name,rotate,scales,src,top_position,types,width,x,y,blue_print_id) VALUES
                                                                                                                                     (2,1.0,1.0,'ao',1.0,1.0,'ao',1.0,'image/jpeg',1.0,1.0,1.0,2),
                                                                                                                                     (3,1.0,1.0,'ao',1.0,1.0,'ao',1.0,'image/jpeg',1.0,1.0,1.0,3),
                                                                                                                                     (4,1.0,1.0,'ao',1.0,1.0,'ao',1.0,'image/jpeg',1.0,1.0,1.0,4),
                                                                                                                                     (5,1.0,1.0,'ao',1.0,1.0,'ao',1.0,'image/jpeg',1.0,1.0,1.0,5),
                                                                                                                                     (6,1.0,1.0,'ao',1.0,1.0,'ao',1.0,'image/jpeg',1.0,1.0,1.0,6),
                                                                                                                                     (7,1.0,1.0,'ao',1.0,1.0,'ao',1.0,'image/jpeg',1.0,1.0,1.0,7);

INSERT INTO `placeholder` VALUES (7,100,1,11),(2,100,2,2),(3,100,1,3),(4,100,2,4),(5,100,1,5),(6,100,2,6);

INSERT INTO `designed_product_tag`  VALUES
                                        (1,10,1),
                                        (2,2,2),
                                        (3,3,3),
                                        (4,4,4),
                                        (5,5,1),
                                        (6,6,2),
                                        (7,7,3);
